/*
 Navicat Premium Data Transfer

 Source Server         : sangoes@localhost
 Source Server Type    : MySQL
 Source Server Version : 50724
 Source Host           : localhost:3306
 Source Schema         : boot

 Target Server Type    : MySQL
 Target Server Version : 50724
 File Encoding         : 65001

 Date: 01/01/2019 19:42:36
*/

SET NAMES utf8mb4;
SET FOREIGN_KEY_CHECKS = 0;

-- ----------------------------
-- Table structure for depart
-- ----------------------------
DROP TABLE IF EXISTS `depart`;
CREATE TABLE `depart` (
  `id` bigint(32) NOT NULL COMMENT '主键',
  `crt_time` datetime DEFAULT CURRENT_TIMESTAMP COMMENT '创建时间',
  `upd_time` datetime DEFAULT CURRENT_TIMESTAMP ON UPDATE CURRENT_TIMESTAMP COMMENT '更新时间',
  `creator` varchar(50) DEFAULT NULL COMMENT '创建者用户名',
  `creator_id` bigint(32) DEFAULT NULL COMMENT '创建者主键',
  `updator` varchar(50) DEFAULT NULL COMMENT '更新者用户名',
  `updator_id` bigint(32) DEFAULT NULL COMMENT '更新者主键',
  `deleted` smallint(3) DEFAULT '1' COMMENT '删除 1未删除 0删除',
  `sort` bigint(10) DEFAULT NULL COMMENT '排序',
  `parent_id` bigint(32) DEFAULT '-1' COMMENT '父主键 默认-1',
  `depart_name` varchar(200) DEFAULT NULL COMMENT '部门名称',
  `telephone` int(20) DEFAULT NULL COMMENT '座机电话',
  `leader_id` bigint(32) DEFAULT NULL COMMENT '负责人主键',
  `address` varchar(500) DEFAULT NULL COMMENT '地址',
  `des` varchar(1000) DEFAULT NULL COMMENT '描述',
  PRIMARY KEY (`id`) USING BTREE
) ENGINE=InnoDB DEFAULT CHARSET=utf8mb4 COMMENT='部门表';

-- ----------------------------
-- Records of depart
-- ----------------------------
BEGIN;
INSERT INTO `depart` VALUES (1076703859518509058, '2018-12-23 12:59:38', '2018-12-25 13:13:23', 'jerrychir', 1058938369329131521, 'jerrychir', 1058938369329131521, 1, NULL, -1, '叁果科技有限公司', NULL, NULL, NULL, '叁果科技有限公司');
INSERT INTO `depart` VALUES (1077034603965108225, '2018-12-24 10:53:54', '2018-12-24 10:53:54', 'jerrychir', 1058938369329131521, NULL, NULL, 1, NULL, 1076703859518509058, '技术部', NULL, NULL, NULL, '技术部');
INSERT INTO `depart` VALUES (1077081645865291778, '2018-12-24 14:00:50', '2018-12-25 12:58:04', 'jerrychir', 1058938369329131521, 'jerrychir', 1058938369329131521, 1, NULL, 1076703859518509058, '财务部', NULL, NULL, NULL, '财务部');
INSERT INTO `depart` VALUES (1077428171451994113, '2018-12-25 12:57:48', '2018-12-25 12:57:48', 'jerrychir', 1058938369329131521, NULL, NULL, 1, NULL, 1076703859518509058, '总裁办', NULL, NULL, NULL, '总裁办');
COMMIT;

-- ----------------------------
-- Table structure for dict
-- ----------------------------
DROP TABLE IF EXISTS `dict`;
CREATE TABLE `dict` (
  `id` bigint(32) NOT NULL COMMENT '主键',
  `crt_time` datetime DEFAULT CURRENT_TIMESTAMP COMMENT '创建时间',
  `upd_time` datetime DEFAULT CURRENT_TIMESTAMP ON UPDATE CURRENT_TIMESTAMP COMMENT '更新时间',
  `creator` varchar(50) DEFAULT NULL COMMENT '创建者用户名',
  `creator_id` bigint(32) DEFAULT NULL COMMENT '创建者主键',
  `updator` varchar(50) DEFAULT NULL COMMENT '更新者用户名',
  `updator_id` bigint(32) DEFAULT NULL COMMENT '更新者主键',
  `deleted` smallint(3) DEFAULT '1' COMMENT '删除 1未删除 0删除',
  `sort` bigint(10) DEFAULT NULL COMMENT '排序',
  `parent_id` bigint(32) DEFAULT '-1' COMMENT '父主键 默认-1',
  `dict_key` varchar(200) DEFAULT NULL COMMENT '字典编码',
  `dict_value` varchar(200) DEFAULT NULL COMMENT '字典名称',
  `des` varchar(1000) DEFAULT NULL COMMENT '字典描述',
  PRIMARY KEY (`id`) USING BTREE
) ENGINE=InnoDB DEFAULT CHARSET=utf8mb4 COMMENT='字典表';

-- ----------------------------
-- Records of dict
-- ----------------------------
BEGIN;
INSERT INTO `dict` VALUES (1079652268969869313, '2018-12-31 16:15:34', '2019-01-01 19:34:52', 'jerrychir', 1058938369329131521, NULL, NULL, 1, NULL, -1, 'gender', '性别', '性别');
INSERT INTO `dict` VALUES (1079652499375570945, '2018-12-31 16:16:29', '2018-12-31 16:16:29', 'jerrychir', 1058938369329131521, NULL, NULL, 1, NULL, 1079652268969869313, '0', '男', '男');
INSERT INTO `dict` VALUES (1079652895624052738, '2018-12-31 16:18:03', '2018-12-31 16:18:03', 'jerrychir', 1058938369329131521, NULL, NULL, 1, NULL, 1079652268969869313, '1', '女', '女');
COMMIT;

-- ----------------------------
-- Table structure for oauth_client_details
-- ----------------------------
DROP TABLE IF EXISTS `oauth_client_details`;
CREATE TABLE `oauth_client_details` (
  `id` bigint(32) NOT NULL COMMENT '主键',
  `creator` varchar(50) DEFAULT NULL COMMENT '创建者用户名',
  `crt_time` datetime DEFAULT CURRENT_TIMESTAMP COMMENT '创建时间',
  `upd_time` datetime DEFAULT CURRENT_TIMESTAMP ON UPDATE CURRENT_TIMESTAMP COMMENT '更新时间',
  `creator_id` bigint(32) DEFAULT NULL COMMENT '创建者主键',
  `updator` varchar(50) DEFAULT NULL COMMENT '更新者用户名',
  `updator_id` bigint(32) DEFAULT NULL COMMENT '更新者主键',
  `deleted` smallint(3) DEFAULT '1' COMMENT '删除 1未删除 0删除',
  `sort` bigint(10) DEFAULT NULL COMMENT '排序',
  `client_id` varchar(256) DEFAULT NULL COMMENT '客户端ID',
  `client_secret` varchar(256) DEFAULT NULL COMMENT '客户端密钥',
  `resource_ids` varchar(256) DEFAULT NULL COMMENT '资源ID',
  `scope` varchar(256) DEFAULT NULL COMMENT '授权域',
  `authorized_grant_types` varchar(256) DEFAULT NULL COMMENT '授权模式',
  `web_server_redirect_uri` varchar(256) DEFAULT NULL COMMENT '回调地址',
  `authorities` varchar(256) DEFAULT NULL COMMENT '权限',
  `access_token_validity` int(11) DEFAULT NULL COMMENT '失效时间',
  `refresh_token_validity` int(11) DEFAULT NULL COMMENT '刷新时间',
  `additional_information` varchar(4096) DEFAULT NULL COMMENT '扩展信息',
  `autoapprove` varchar(256) DEFAULT NULL COMMENT '是否自动放行',
  PRIMARY KEY (`id`) USING BTREE
) ENGINE=InnoDB DEFAULT CHARSET=utf8mb4 COMMENT='授权表';

-- ----------------------------
-- Records of oauth_client_details
-- ----------------------------
BEGIN;
INSERT INTO `oauth_client_details` VALUES (1075731600914038786, 'jerrychir', '2018-12-20 20:36:14', '2018-12-21 11:54:57', 1058938369329131521, NULL, NULL, 1, NULL, 'sangoes', 'sangoes', NULL, 'select', 'password,refresh_token', NULL, NULL, NULL, NULL, NULL, '0');
COMMIT;

-- ----------------------------
-- Table structure for sys_auth
-- ----------------------------
DROP TABLE IF EXISTS `sys_auth`;
CREATE TABLE `sys_auth` (
  `id` bigint(32) NOT NULL COMMENT '主键',
  `crt_time` datetime DEFAULT CURRENT_TIMESTAMP COMMENT '创建时间',
  `upd_time` datetime DEFAULT CURRENT_TIMESTAMP ON UPDATE CURRENT_TIMESTAMP COMMENT '更新时间',
  `creator` varchar(50) DEFAULT NULL COMMENT '创建者用户名',
  `creator_id` bigint(32) DEFAULT NULL COMMENT '创建者主键',
  `updator` varchar(50) DEFAULT NULL COMMENT '更新者用户名',
  `updator_id` bigint(32) DEFAULT NULL COMMENT '更新者主键',
  `deleted` smallint(3) DEFAULT '1' COMMENT '删除 1未删除 0删除',
  `sort` bigint(10) DEFAULT NULL COMMENT '排序',
  `menu_id` bigint(32) DEFAULT NULL COMMENT '菜单主键',
  `auth_name` varchar(255) DEFAULT NULL COMMENT '权限名称',
  `auth_code` varchar(1000) DEFAULT NULL COMMENT '权限编码',
  `action` varchar(1000) DEFAULT NULL COMMENT '权限地址',
  `method` varchar(255) DEFAULT NULL COMMENT '请求方法',
  `status` smallint(1) DEFAULT '1' COMMENT '1启用 0禁用',
  `des` varchar(1000) DEFAULT NULL COMMENT '菜单描述',
  PRIMARY KEY (`id`) USING BTREE
) ENGINE=InnoDB DEFAULT CHARSET=utf8mb4;

-- ----------------------------
-- Records of sys_auth
-- ----------------------------
BEGIN;
INSERT INTO `sys_auth` VALUES (1061206366072623105, '2018-11-10 18:38:08', '2018-12-13 20:25:00', NULL, NULL, NULL, NULL, 1, NULL, 1060781327489757186, '添加用户', 'admin:user:add', '/api/admin/user/add', 'post', 1, '添加用户');
INSERT INTO `sys_auth` VALUES (1061464714533773314, '2018-11-11 11:44:43', '2018-11-17 20:25:24', NULL, NULL, NULL, NULL, 1, NULL, 1060781327489757186, '用户分页查询', 'admin:user:page', '/api/admin/user/page', 'get', 1, '用户分页查询');
INSERT INTO `sys_auth` VALUES (1061465433659777025, '2018-11-11 11:47:35', '2018-11-17 20:25:26', NULL, NULL, NULL, NULL, 1, NULL, 1060781599209353218, '添加角色', 'admin:role:add', '/api/admin/role/add', 'post', 1, '添加角色');
INSERT INTO `sys_auth` VALUES (1061465784349728770, '2018-11-11 11:48:58', '2018-11-17 20:25:29', NULL, NULL, NULL, NULL, 1, NULL, 1060781599209353218, '分页查询角色', 'admin:role:page', '/api/admin/role/page', 'get', 1, '分页查询角色');
INSERT INTO `sys_auth` VALUES (1061466365038534657, '2018-11-11 11:51:17', '2018-11-17 20:25:31', NULL, NULL, NULL, NULL, 1, NULL, 1060903467811659778, '添加菜单', 'admin:menu:add', '/api/admin/menu/add', 'post', 1, '添加菜单');
INSERT INTO `sys_auth` VALUES (1063778112642555905, '2018-11-17 20:57:20', '2018-11-17 20:57:20', NULL, NULL, NULL, NULL, 1, NULL, 1060903467811659778, '添加权限', 'admin:auth:add', '/api/admin/auth/add', 'post', 1, '添加权限');
INSERT INTO `sys_auth` VALUES (1063778317861462018, '2018-11-17 20:58:09', '2018-11-17 20:58:09', NULL, NULL, NULL, NULL, 1, NULL, 1060903467811659778, '权限分页', 'admin:auth:page', '/api/admin/auth/page', 'get', 1, '权限分页');
INSERT INTO `sys_auth` VALUES (1063778625048092673, '2018-11-17 20:59:22', '2018-11-17 20:59:22', NULL, NULL, NULL, NULL, 1, NULL, 1060903467811659778, '获取菜单列表', 'admin:menu:list', '/api/admin/menu/list', 'get', 1, '获取菜单列表');
INSERT INTO `sys_auth` VALUES (1063779805576896514, '2018-11-17 21:04:04', '2018-11-17 21:04:04', NULL, NULL, NULL, NULL, 1, NULL, 1060903467811659778, '获取菜单树形结果', 'admin:menu:tree', '/api/admin/menu/tree', 'get', 1, '获取菜单树形结果');
INSERT INTO `sys_auth` VALUES (1063780413876805633, '2018-11-17 21:06:29', '2018-11-17 21:06:29', NULL, NULL, NULL, NULL, 1, NULL, 1060781599209353218, '查询绑定权限', 'admin:role:bind:info', '/api/admin/role/bind/auth/info/**', 'get', 1, '查询绑定权限');
INSERT INTO `sys_auth` VALUES (1063781168838942722, '2018-11-17 21:09:29', '2018-11-17 21:09:29', NULL, NULL, NULL, NULL, 1, NULL, 1060781599209353218, '绑定菜单权限', 'admin:role:bind:menu', '/api/admin/role/bind/menu', 'post', 1, '绑定菜单权限');
INSERT INTO `sys_auth` VALUES (1063781694515257346, '2018-11-17 21:11:34', '2018-11-17 21:11:34', NULL, NULL, NULL, NULL, 1, NULL, 1060781599209353218, '查询绑定菜单', 'admin:role:bind:menu:info', '/api/admin/role/bind/menu/info/*', 'get', 1, '查询绑定菜单');
INSERT INTO `sys_auth` VALUES (1063782150784229378, '2018-11-17 21:13:23', '2018-11-17 21:13:23', NULL, NULL, NULL, NULL, 1, NULL, 1060781327489757186, '绑定用户', 'admin:user:bind:role', '/api/admin/user/bind/role', 'post', 1, '绑定用户');
INSERT INTO `sys_auth` VALUES (1063782508084404225, '2018-11-17 21:14:48', '2018-11-17 21:14:48', NULL, NULL, NULL, NULL, 1, NULL, 1060781327489757186, '查询绑定角色', 'admin:user:bind:role:info', '/api/admin/user/bind/role/info/*', 'get', 1, '查询绑定角色');
INSERT INTO `sys_auth` VALUES (1063782794035273729, '2018-11-17 21:15:56', '2018-11-17 21:15:56', NULL, NULL, NULL, NULL, 1, NULL, 1060781327489757186, '手机号码注册', 'admin:user:signup', '/api/admin/user/signup', 'post', 1, '手机号码注册');
INSERT INTO `sys_auth` VALUES (1064117361699004418, '2018-11-18 19:25:24', '2018-11-18 19:25:24', NULL, NULL, NULL, NULL, 1, NULL, 1060903467811659778, '获取当前用户的菜单树形结果', 'admin:menu:user:tree', '/api/admin/menu/user/tree', 'get', 1, '获取当前用户的菜单树形结果');
INSERT INTO `sys_auth` VALUES (1064340058714058754, '2018-11-19 10:10:19', '2018-11-19 10:10:19', NULL, NULL, NULL, NULL, 1, NULL, 1060781327489757186, '获取当前用户信息', 'admin:user:info', '/api/admin/user/info', 'get', 1, '获取当前用户信息');
INSERT INTO `sys_auth` VALUES (1064395542594797569, '2018-11-19 13:50:47', '2018-11-19 13:50:47', NULL, NULL, NULL, NULL, 1, NULL, 1060781327489757186, '用户上传头像', 'admin:user:upload:avatar', '/api/admin/user/upload/avatar', 'post', 1, '用户上传头像');
INSERT INTO `sys_auth` VALUES (1073145835832852481, '2018-12-13 17:21:20', '2018-12-15 23:50:32', NULL, NULL, NULL, NULL, 1, NULL, 1060781327489757186, '删除用户ss', 'admin:user:delete', '/api/admin/user/delete', 'put', 1, '删除用户');
INSERT INTO `sys_auth` VALUES (1073153658184564738, '2018-12-13 17:52:25', '2018-12-13 17:52:25', NULL, NULL, NULL, NULL, 1, NULL, 1060903467811659778, '更新(修改)权限', ' admin:auth:update', '/api/admin/auth/update', 'put', 1, '更新(修改)权限');
INSERT INTO `sys_auth` VALUES (1073218382652026882, '2018-12-13 22:09:36', '2018-12-13 22:09:36', NULL, NULL, NULL, NULL, 1, NULL, 1060903467811659778, '删除权限', 'admin:auth:delete', '/api/admin/auth/delete', 'delete', 1, '删除权限');
INSERT INTO `sys_auth` VALUES (1073242148217880578, '2018-12-13 23:44:02', '2018-12-13 23:44:02', NULL, NULL, NULL, NULL, 1, NULL, 1060903467811659778, '批量删除权限', 'admin:auth:batch:delete', '/api/admin/auth/batch/delete', 'delete', 1, '批量删除权限');
INSERT INTO `sys_auth` VALUES (1073490838360969218, '2018-12-14 16:12:15', '2018-12-14 16:12:15', NULL, NULL, NULL, NULL, 1, NULL, 1060903467811659778, '更新(修改)菜单', 'admin:menu:update', '/api/admin/menu/update', 'put', 1, '更新(修改)菜单');
INSERT INTO `sys_auth` VALUES (1073491024718090242, '2018-12-14 16:12:59', '2018-12-14 16:12:59', NULL, NULL, NULL, NULL, 1, NULL, 1060903467811659778, '删除菜单', 'admin:menu:delete', '/api/admin/menu/delete', 'delete', 1, '删除菜单');
INSERT INTO `sys_auth` VALUES (1074132142220685314, '2018-12-16 10:40:33', '2018-12-16 10:40:33', NULL, NULL, NULL, NULL, 1, NULL, 1060781327489757186, '更新(修改)用户', 'admin:user:update', '/api/admin/user/update', 'put', 1, '更新(修改)用户');
INSERT INTO `sys_auth` VALUES (1074239889297682434, '2018-12-16 17:48:42', '2018-12-16 17:48:42', NULL, NULL, NULL, NULL, 1, NULL, 1060781327489757186, '批量删除用户', 'admin:user:batch:delete', '/api/admin/user/batch/delete', 'delete', 1, '批量删除用户');
INSERT INTO `sys_auth` VALUES (1074629757664301058, '2018-12-17 19:37:54', '2018-12-17 19:37:54', NULL, NULL, NULL, NULL, 1, NULL, 1060781599209353218, '删除权限', 'admin:role:delete', '/api/admin/role/delete', 'delete', 1, '删除权限');
INSERT INTO `sys_auth` VALUES (1074629888966987778, '2018-12-17 19:38:25', '2018-12-17 19:38:25', NULL, NULL, NULL, NULL, 1, NULL, 1060781599209353218, '批量删除角色', 'admin:role:batch:role', '/api/admin/role/batch/delete', 'delete', 1, '批量删除角色');
INSERT INTO `sys_auth` VALUES (1074630015639162882, '2018-12-17 19:38:56', '2018-12-17 20:05:17', NULL, NULL, NULL, NULL, 1, NULL, 1060781599209353218, '更新(修改)角色', 'admin:role:update', '/api/admin/role/update', 'put', 1, '更新(修改)角色');
INSERT INTO `sys_auth` VALUES (1075722499664437249, '2018-12-20 20:00:04', '2018-12-20 20:00:04', NULL, NULL, NULL, NULL, 1, NULL, 1075381710501543937, '添加授权', 'admin:mgt:oauth', '/api/admin/oauth/add', 'post', 1, '添加授权');
INSERT INTO `sys_auth` VALUES (1075743878354874370, '2018-12-20 21:25:01', '2018-12-20 21:25:01', NULL, NULL, NULL, NULL, 1, NULL, 1075381710501543937, '授权分页', 'admin:oauth:page', '/api/admin/oauth/page', 'get', 1, '授权分页');
INSERT INTO `sys_auth` VALUES (1075936051092295682, '2018-12-21 10:08:39', '2018-12-21 10:08:39', NULL, NULL, NULL, NULL, 1, NULL, 1075381710501543937, '删除权限', 'admin:oauth:delete', '/api/admin/oauth/delete', 'delete', 1, '删除权限');
INSERT INTO `sys_auth` VALUES (1075936270823493633, '2018-12-21 10:09:31', '2018-12-21 10:09:31', NULL, NULL, NULL, NULL, 1, NULL, 1075381710501543937, '批量删除授权', 'admin:oauth:batch:delete', '/api/admin/oauth/batch/delete', 'delete', 1, '批量删除授权');
INSERT INTO `sys_auth` VALUES (1075936433235333122, '2018-12-21 10:10:10', '2018-12-21 10:10:10', NULL, NULL, NULL, NULL, 1, NULL, 1075381710501543937, '更新授权', 'admin:oauth:update', '/api/admin/oauth/update', 'put', 1, '更新授权');
INSERT INTO `sys_auth` VALUES (1076465439638589441, '2018-12-22 21:12:15', '2018-12-22 21:12:15', NULL, NULL, NULL, NULL, 1, NULL, 1076014333280161793, '添加部门', 'admin:depart:add', '/api/admin/depart/add', 'post', 1, '添加部门');
INSERT INTO `sys_auth` VALUES (1076729595471900674, '2018-12-23 14:41:54', '2018-12-23 14:41:54', NULL, NULL, NULL, NULL, 1, NULL, 1076014333280161793, '获取部门树形结果', 'admin:depart:tree', '/api/admin/depart/tree', 'get', 1, '获取部门树形结果');
INSERT INTO `sys_auth` VALUES (1077386334934732801, '2018-12-25 10:11:33', '2018-12-25 10:52:44', NULL, NULL, NULL, NULL, 1, NULL, 1076014333280161793, '更新部门', 'admin:depart:update', '/api/admin/depart/update', 'put', 1, '更新部门');
INSERT INTO `sys_auth` VALUES (1077386480917483521, '2018-12-25 10:12:08', '2018-12-25 10:12:08', NULL, NULL, NULL, NULL, 1, NULL, 1076014333280161793, '删除部门', 'admin:depart:delete', '/api/admin/depart/delete', 'delete', 1, '删除部门');
INSERT INTO `sys_auth` VALUES (1077529646528049153, '2018-12-25 19:41:01', '2018-12-25 19:41:01', NULL, NULL, NULL, NULL, 1, NULL, 1060781327489757186, '查询绑定部门树形', 'admin:user:bind:depart:userId', '/api/admin/user/bind/depart/*', 'get', 1, '查询绑定部门树形');
INSERT INTO `sys_auth` VALUES (1077579307999899649, '2018-12-25 22:58:22', '2018-12-25 22:58:22', NULL, NULL, NULL, NULL, 1, NULL, 1060781327489757186, '绑定部门', 'admin:user:bind:depart', '/api/admin/user/bind/depart', 'post', 1, '绑定部门');
INSERT INTO `sys_auth` VALUES (1077767152286912514, '2018-12-26 11:24:47', '2018-12-26 14:29:26', NULL, NULL, NULL, NULL, 1, NULL, 1076014333280161793, '获取部门成员', 'admin:depart:members', '/api/admin/depart/members/page', 'get', 1, '获取部门成员');
INSERT INTO `sys_auth` VALUES (1077879430203838465, '2018-12-26 18:50:56', '2018-12-26 18:50:56', NULL, NULL, NULL, NULL, 1, NULL, 1076014445914001409, '添加字典', 'admin:dict:add', '/api/admin/dict/add', 'post', 1, '添加字典');
INSERT INTO `sys_auth` VALUES (1077914515093643265, '2018-12-26 21:10:21', '2018-12-26 21:10:21', NULL, NULL, NULL, NULL, 1, NULL, 1076014445914001409, '字典分页', 'admin:dict:page', '/api/admin/dict/page', 'get', 1, '字典分页');
INSERT INTO `sys_auth` VALUES (1078488167384162305, '2018-12-28 11:09:51', '2018-12-28 11:09:51', NULL, NULL, NULL, NULL, 1, NULL, 1076014445914001409, '删除字典', 'admin:dict:delete', '/api/admin/dict/delete', 'delete', 1, '删除字典');
INSERT INTO `sys_auth` VALUES (1078488326675439618, '2018-12-28 11:10:29', '2018-12-28 11:10:29', NULL, NULL, NULL, NULL, 1, NULL, 1076014445914001409, '批量删除字典', 'admin:dict:batch:delete', '/api/admin/dict/batch/delete', 'delete', 1, '批量删除字典');
INSERT INTO `sys_auth` VALUES (1078512940067618818, '2018-12-28 12:48:17', '2018-12-28 12:48:17', NULL, NULL, NULL, NULL, 1, NULL, 1076014445914001409, '字典树形', 'admin:dict:tree', '/api/admin/dict/tree/*', 'get', 1, '字典树形');
INSERT INTO `sys_auth` VALUES (1080062287884378113, '2019-01-01 19:24:50', '2019-01-01 19:24:50', NULL, NULL, NULL, NULL, 1, NULL, 1076014445914001409, '更新字典', 'admin:dict:update', '/api/admin/dict/update', 'put', 1, '更新字典');
COMMIT;

-- ----------------------------
-- Table structure for sys_menu
-- ----------------------------
DROP TABLE IF EXISTS `sys_menu`;
CREATE TABLE `sys_menu` (
  `id` bigint(32) NOT NULL COMMENT '主键',
  `crt_time` datetime DEFAULT CURRENT_TIMESTAMP COMMENT '创建时间',
  `upd_time` datetime DEFAULT CURRENT_TIMESTAMP ON UPDATE CURRENT_TIMESTAMP COMMENT '更新时间',
  `creator` varchar(50) DEFAULT NULL COMMENT '创建者用户名',
  `creator_id` bigint(32) DEFAULT NULL COMMENT '创建者主键',
  `updator` varchar(50) DEFAULT NULL COMMENT '更新者用户名',
  `updator_id` bigint(32) DEFAULT NULL COMMENT '更新者主键',
  `deleted` smallint(3) DEFAULT '1' COMMENT '删除 1未删除 0删除',
  `sort` bigint(10) DEFAULT NULL COMMENT '排序',
  `parent_id` bigint(32) DEFAULT '-1' COMMENT '父主键 默认-1',
  `menu_name` varchar(255) DEFAULT NULL COMMENT '菜单名称',
  `menu_code` varchar(255) DEFAULT NULL COMMENT '菜单编码',
  `url` varchar(2000) DEFAULT NULL COMMENT '权限菜单请求路径',
  `icon` varchar(255) DEFAULT NULL COMMENT '图标',
  `status` smallint(1) DEFAULT '1' COMMENT '1启用 0禁用',
  `des` varchar(1000) DEFAULT NULL COMMENT '菜单描述',
  PRIMARY KEY (`id`) USING BTREE
) ENGINE=InnoDB DEFAULT CHARSET=utf8mb4 COMMENT='菜单';

-- ----------------------------
-- Records of sys_menu
-- ----------------------------
BEGIN;
INSERT INTO `sys_menu` VALUES (1060780925302140929, '2018-11-09 14:27:35', '2018-11-17 15:27:16', NULL, NULL, NULL, NULL, 1, NULL, -1, '管理中心', 'mgtCenter', '', 'setting', 1, '用户管理 文档管理 角色管理 菜单管理 字典管理 日志管理 部门管理 等');
INSERT INTO `sys_menu` VALUES (1060781327489757186, '2018-11-09 14:29:11', '2018-12-15 17:46:20', NULL, NULL, NULL, NULL, 1, NULL, 1060780925302140929, '用户管理', 'userMgt', '/mgt/user', NULL, 1, '用户增删改查 分配角色');
INSERT INTO `sys_menu` VALUES (1060781599209353218, '2018-11-09 14:30:16', '2018-11-17 15:27:32', NULL, NULL, NULL, NULL, 1, NULL, 1060780925302140929, '角色管理', 'roleMgt', '/mgt/role', NULL, 1, '角色增删改查');
INSERT INTO `sys_menu` VALUES (1060903467811659778, '2018-11-09 22:34:32', '2018-11-17 15:27:41', NULL, NULL, NULL, NULL, 1, NULL, 1060780925302140929, '菜单管理', 'menuMgt', '/mgt/menu', NULL, 1, '菜单管理');
INSERT INTO `sys_menu` VALUES (1061157804223815681, '2018-11-10 15:25:10', '2018-11-10 15:25:10', NULL, NULL, NULL, NULL, 1, NULL, -1, '运维中心', 'opersCenter', NULL, 'dashboard', 1, '运维管理 注册中心');
INSERT INTO `sys_menu` VALUES (1074923408818741249, '2018-12-18 15:04:46', '2018-12-18 23:32:36', NULL, NULL, NULL, NULL, 1, NULL, 1061157804223815681, '文档管理', 'swagger', 'http://localhost:8000/api/swagger-ui.html', NULL, 1, 'swagger 文档管理');
INSERT INTO `sys_menu` VALUES (1075381710501543937, '2018-12-19 21:25:54', '2018-12-20 12:50:25', NULL, NULL, NULL, NULL, 1, NULL, 1060780925302140929, '授权管理', 'admin:mgt:oauth', '/mgt/oauth', NULL, 1, '授权管理');
INSERT INTO `sys_menu` VALUES (1076014333280161793, '2018-12-21 15:19:43', '2018-12-21 15:19:43', NULL, NULL, NULL, NULL, 1, NULL, 1060780925302140929, '部门管理', 'deptMgt', '/mgt/dept', NULL, 1, '部门管理');
INSERT INTO `sys_menu` VALUES (1076014445914001409, '2018-12-21 15:20:09', '2018-12-21 15:20:09', NULL, NULL, NULL, NULL, 1, NULL, 1060780925302140929, '字典管理', 'dictMgt', '/mgt/dict', NULL, 1, '字典管理');
COMMIT;

-- ----------------------------
-- Table structure for sys_role
-- ----------------------------
DROP TABLE IF EXISTS `sys_role`;
CREATE TABLE `sys_role` (
  `id` bigint(32) NOT NULL COMMENT '主键',
  `crt_time` datetime DEFAULT CURRENT_TIMESTAMP COMMENT '创建时间',
  `upd_time` datetime DEFAULT CURRENT_TIMESTAMP ON UPDATE CURRENT_TIMESTAMP COMMENT '更新时间',
  `creator` varchar(50) DEFAULT NULL COMMENT '创建者用户名',
  `creator_id` bigint(32) DEFAULT NULL COMMENT '创建者主键',
  `updator` varchar(50) DEFAULT NULL COMMENT '更新者用户名',
  `updator_id` bigint(32) DEFAULT NULL COMMENT '更新者主键',
  `deleted` smallint(3) DEFAULT '1' COMMENT '删除 1未删除 0删除',
  `sort` bigint(10) DEFAULT NULL COMMENT '排序',
  `role_name` varchar(100) DEFAULT NULL COMMENT '角色名称',
  `role_code` varchar(100) DEFAULT NULL COMMENT '角色编码',
  `des` varchar(1000) DEFAULT NULL COMMENT '角色描述',
  `status` smallint(1) DEFAULT '1' COMMENT '1启用 0禁用',
  PRIMARY KEY (`id`) USING BTREE
) ENGINE=InnoDB DEFAULT CHARSET=utf8mb4 COMMENT='角色表';

-- ----------------------------
-- Records of sys_role
-- ----------------------------
BEGIN;
INSERT INTO `sys_role` VALUES (1060546311132381185, '2018-11-08 22:55:19', '2018-11-08 22:55:19', NULL, NULL, NULL, NULL, 1, NULL, '管理员', 'admin', '管理员最高权限', 1);
INSERT INTO `sys_role` VALUES (1060546917704237057, '2018-11-08 22:57:43', '2018-12-18 10:42:49', NULL, NULL, NULL, NULL, 1, NULL, '开发', 'dev', '开发人员具有开发权限', 1);
COMMIT;

-- ----------------------------
-- Table structure for sys_role_auth
-- ----------------------------
DROP TABLE IF EXISTS `sys_role_auth`;
CREATE TABLE `sys_role_auth` (
  `id` bigint(32) NOT NULL COMMENT '主键',
  `crt_time` datetime DEFAULT CURRENT_TIMESTAMP COMMENT '创建时间',
  `upd_time` datetime DEFAULT CURRENT_TIMESTAMP ON UPDATE CURRENT_TIMESTAMP COMMENT '更新时间',
  `creator` varchar(50) DEFAULT NULL COMMENT '创建者用户名',
  `creator_id` bigint(32) DEFAULT NULL COMMENT '创建者主键',
  `updator` varchar(50) DEFAULT NULL COMMENT '更新者用户名',
  `updator_id` bigint(32) DEFAULT NULL COMMENT '更新者主键',
  `deleted` smallint(3) DEFAULT '1' COMMENT '删除 1未删除 0删除',
  `sort` bigint(10) DEFAULT NULL COMMENT '排序',
  `role_id` bigint(32) DEFAULT NULL COMMENT '角色主键',
  `auth_id` bigint(32) DEFAULT NULL COMMENT '权限主键',
  `menu_id` bigint(32) DEFAULT NULL COMMENT '菜单主键',
  PRIMARY KEY (`id`) USING BTREE
) ENGINE=InnoDB DEFAULT CHARSET=utf8mb4 COMMENT='角色权限中间表';

-- ----------------------------
-- Records of sys_role_auth
-- ----------------------------
BEGIN;
INSERT INTO `sys_role_auth` VALUES (1073491214531317761, '2018-12-14 16:13:44', '2018-12-14 16:13:44', NULL, NULL, NULL, NULL, 1, NULL, 1060546311132381185, 1061466365038534657, 1060903467811659778);
INSERT INTO `sys_role_auth` VALUES (1073491214535512066, '2018-12-14 16:13:44', '2018-12-14 16:13:44', NULL, NULL, NULL, NULL, 1, NULL, 1060546311132381185, 1063778112642555905, 1060903467811659778);
INSERT INTO `sys_role_auth` VALUES (1073491214543900674, '2018-12-14 16:13:44', '2018-12-14 16:13:44', NULL, NULL, NULL, NULL, 1, NULL, 1060546311132381185, 1063778317861462018, 1060903467811659778);
INSERT INTO `sys_role_auth` VALUES (1073491214552289281, '2018-12-14 16:13:44', '2018-12-14 16:13:44', NULL, NULL, NULL, NULL, 1, NULL, 1060546311132381185, 1063778625048092673, 1060903467811659778);
INSERT INTO `sys_role_auth` VALUES (1073491214560677890, '2018-12-14 16:13:44', '2018-12-14 16:13:44', NULL, NULL, NULL, NULL, 1, NULL, 1060546311132381185, 1063779805576896514, 1060903467811659778);
INSERT INTO `sys_role_auth` VALUES (1073491214569066498, '2018-12-14 16:13:44', '2018-12-14 16:13:44', NULL, NULL, NULL, NULL, 1, NULL, 1060546311132381185, 1064117361699004418, 1060903467811659778);
INSERT INTO `sys_role_auth` VALUES (1073491214577455105, '2018-12-14 16:13:44', '2018-12-14 16:13:44', NULL, NULL, NULL, NULL, 1, NULL, 1060546311132381185, 1073153658184564738, 1060903467811659778);
INSERT INTO `sys_role_auth` VALUES (1073491214585843713, '2018-12-14 16:13:44', '2018-12-14 16:13:44', NULL, NULL, NULL, NULL, 1, NULL, 1060546311132381185, 1073218382652026882, 1060903467811659778);
INSERT INTO `sys_role_auth` VALUES (1073491214594232321, '2018-12-14 16:13:44', '2018-12-14 16:13:44', NULL, NULL, NULL, NULL, 1, NULL, 1060546311132381185, 1073242148217880578, 1060903467811659778);
INSERT INTO `sys_role_auth` VALUES (1073491214602620929, '2018-12-14 16:13:44', '2018-12-14 16:13:44', NULL, NULL, NULL, NULL, 1, NULL, 1060546311132381185, 1073490838360969218, 1060903467811659778);
INSERT INTO `sys_role_auth` VALUES (1073491214611009538, '2018-12-14 16:13:44', '2018-12-14 16:13:44', NULL, NULL, NULL, NULL, 1, NULL, 1060546311132381185, 1073491024718090242, 1060903467811659778);
INSERT INTO `sys_role_auth` VALUES (1074857360933298178, '2018-12-18 10:42:19', '2018-12-18 10:42:19', NULL, NULL, NULL, NULL, 1, NULL, 1060546311132381185, 1061465433659777025, 1060781599209353218);
INSERT INTO `sys_role_auth` VALUES (1074857360945881090, '2018-12-18 10:42:19', '2018-12-18 10:42:19', NULL, NULL, NULL, NULL, 1, NULL, 1060546311132381185, 1061465784349728770, 1060781599209353218);
INSERT INTO `sys_role_auth` VALUES (1074857360954269697, '2018-12-18 10:42:19', '2018-12-18 10:42:19', NULL, NULL, NULL, NULL, 1, NULL, 1060546311132381185, 1063780413876805633, 1060781599209353218);
INSERT INTO `sys_role_auth` VALUES (1074857360966852609, '2018-12-18 10:42:19', '2018-12-18 10:42:19', NULL, NULL, NULL, NULL, 1, NULL, 1060546311132381185, 1063781168838942722, 1060781599209353218);
INSERT INTO `sys_role_auth` VALUES (1074857360979435522, '2018-12-18 10:42:19', '2018-12-18 10:42:19', NULL, NULL, NULL, NULL, 1, NULL, 1060546311132381185, 1063781694515257346, 1060781599209353218);
INSERT INTO `sys_role_auth` VALUES (1074857360987824129, '2018-12-18 10:42:19', '2018-12-18 10:42:19', NULL, NULL, NULL, NULL, 1, NULL, 1060546311132381185, 1074629757664301058, 1060781599209353218);
INSERT INTO `sys_role_auth` VALUES (1074857361000407041, '2018-12-18 10:42:19', '2018-12-18 10:42:19', NULL, NULL, NULL, NULL, 1, NULL, 1060546311132381185, 1074629888966987778, 1060781599209353218);
INSERT INTO `sys_role_auth` VALUES (1074857361012989954, '2018-12-18 10:42:19', '2018-12-18 10:42:19', NULL, NULL, NULL, NULL, 1, NULL, 1060546311132381185, 1074630015639162882, 1060781599209353218);
INSERT INTO `sys_role_auth` VALUES (1075936581382344705, '2018-12-21 10:10:45', '2018-12-21 10:10:45', NULL, NULL, NULL, NULL, 1, NULL, 1060546311132381185, 1075722499664437249, 1075381710501543937);
INSERT INTO `sys_role_auth` VALUES (1075936581390733314, '2018-12-21 10:10:45', '2018-12-21 10:10:45', NULL, NULL, NULL, NULL, 1, NULL, 1060546311132381185, 1075743878354874370, 1075381710501543937);
INSERT INTO `sys_role_auth` VALUES (1075936581399121921, '2018-12-21 10:10:45', '2018-12-21 10:10:45', NULL, NULL, NULL, NULL, 1, NULL, 1060546311132381185, 1075936051092295682, 1075381710501543937);
INSERT INTO `sys_role_auth` VALUES (1075936581407510529, '2018-12-21 10:10:45', '2018-12-21 10:10:45', NULL, NULL, NULL, NULL, 1, NULL, 1060546311132381185, 1075936270823493633, 1075381710501543937);
INSERT INTO `sys_role_auth` VALUES (1075936581420093441, '2018-12-21 10:10:45', '2018-12-21 10:10:45', NULL, NULL, NULL, NULL, 1, NULL, 1060546311132381185, 1075936433235333122, 1075381710501543937);
INSERT INTO `sys_role_auth` VALUES (1077579399855157249, '2018-12-25 22:58:44', '2018-12-25 22:58:44', NULL, NULL, NULL, NULL, 1, NULL, 1060546311132381185, 1061206366072623105, 1060781327489757186);
INSERT INTO `sys_role_auth` VALUES (1077579399859351553, '2018-12-25 22:58:44', '2018-12-25 22:58:44', NULL, NULL, NULL, NULL, 1, NULL, 1060546311132381185, 1061464714533773314, 1060781327489757186);
INSERT INTO `sys_role_auth` VALUES (1077579399867740161, '2018-12-25 22:58:44', '2018-12-25 22:58:44', NULL, NULL, NULL, NULL, 1, NULL, 1060546311132381185, 1063782150784229378, 1060781327489757186);
INSERT INTO `sys_role_auth` VALUES (1077579399871934465, '2018-12-25 22:58:44', '2018-12-25 22:58:44', NULL, NULL, NULL, NULL, 1, NULL, 1060546311132381185, 1063782508084404225, 1060781327489757186);
INSERT INTO `sys_role_auth` VALUES (1077579399880323074, '2018-12-25 22:58:44', '2018-12-25 22:58:44', NULL, NULL, NULL, NULL, 1, NULL, 1060546311132381185, 1063782794035273729, 1060781327489757186);
INSERT INTO `sys_role_auth` VALUES (1077579399888711681, '2018-12-25 22:58:44', '2018-12-25 22:58:44', NULL, NULL, NULL, NULL, 1, NULL, 1060546311132381185, 1064340058714058754, 1060781327489757186);
INSERT INTO `sys_role_auth` VALUES (1077579399897100289, '2018-12-25 22:58:44', '2018-12-25 22:58:44', NULL, NULL, NULL, NULL, 1, NULL, 1060546311132381185, 1064395542594797569, 1060781327489757186);
INSERT INTO `sys_role_auth` VALUES (1077579399905488897, '2018-12-25 22:58:44', '2018-12-25 22:58:44', NULL, NULL, NULL, NULL, 1, NULL, 1060546311132381185, 1073145835832852481, 1060781327489757186);
INSERT INTO `sys_role_auth` VALUES (1077579399913877505, '2018-12-25 22:58:44', '2018-12-25 22:58:44', NULL, NULL, NULL, NULL, 1, NULL, 1060546311132381185, 1074132142220685314, 1060781327489757186);
INSERT INTO `sys_role_auth` VALUES (1077579399918071809, '2018-12-25 22:58:44', '2018-12-25 22:58:44', NULL, NULL, NULL, NULL, 1, NULL, 1060546311132381185, 1074239889297682434, 1060781327489757186);
INSERT INTO `sys_role_auth` VALUES (1077579399926460417, '2018-12-25 22:58:44', '2018-12-25 22:58:44', NULL, NULL, NULL, NULL, 1, NULL, 1060546311132381185, 1077529646528049153, 1060781327489757186);
INSERT INTO `sys_role_auth` VALUES (1077579399934849026, '2018-12-25 22:58:44', '2018-12-25 22:58:44', NULL, NULL, NULL, NULL, 1, NULL, 1060546311132381185, 1077579307999899649, 1060781327489757186);
INSERT INTO `sys_role_auth` VALUES (1077767406512066561, '2018-12-26 11:25:48', '2018-12-26 11:25:48', NULL, NULL, NULL, NULL, 1, NULL, 1060546311132381185, 1076465439638589441, 1076014333280161793);
INSERT INTO `sys_role_auth` VALUES (1077767406520455170, '2018-12-26 11:25:48', '2018-12-26 11:25:48', NULL, NULL, NULL, NULL, 1, NULL, 1060546311132381185, 1076729595471900674, 1076014333280161793);
INSERT INTO `sys_role_auth` VALUES (1077767406528843778, '2018-12-26 11:25:48', '2018-12-26 11:25:48', NULL, NULL, NULL, NULL, 1, NULL, 1060546311132381185, 1077386334934732801, 1076014333280161793);
INSERT INTO `sys_role_auth` VALUES (1077767406537232386, '2018-12-26 11:25:48', '2018-12-26 11:25:48', NULL, NULL, NULL, NULL, 1, NULL, 1060546311132381185, 1077386480917483521, 1076014333280161793);
INSERT INTO `sys_role_auth` VALUES (1077767406541426690, '2018-12-26 11:25:48', '2018-12-26 11:25:48', NULL, NULL, NULL, NULL, 1, NULL, 1060546311132381185, 1077767152286912514, 1076014333280161793);
INSERT INTO `sys_role_auth` VALUES (1080062394042212353, '2019-01-01 19:25:15', '2019-01-01 19:25:15', NULL, NULL, NULL, NULL, 1, NULL, 1060546311132381185, 1077879430203838465, 1076014445914001409);
INSERT INTO `sys_role_auth` VALUES (1080062394050600961, '2019-01-01 19:25:15', '2019-01-01 19:25:15', NULL, NULL, NULL, NULL, 1, NULL, 1060546311132381185, 1077914515093643265, 1076014445914001409);
INSERT INTO `sys_role_auth` VALUES (1080062394063183874, '2019-01-01 19:25:15', '2019-01-01 19:25:15', NULL, NULL, NULL, NULL, 1, NULL, 1060546311132381185, 1078488167384162305, 1076014445914001409);
INSERT INTO `sys_role_auth` VALUES (1080062394071572481, '2019-01-01 19:25:15', '2019-01-01 19:25:15', NULL, NULL, NULL, NULL, 1, NULL, 1060546311132381185, 1078488326675439618, 1076014445914001409);
INSERT INTO `sys_role_auth` VALUES (1080062394079961089, '2019-01-01 19:25:15', '2019-01-01 19:25:15', NULL, NULL, NULL, NULL, 1, NULL, 1060546311132381185, 1078512940067618818, 1076014445914001409);
INSERT INTO `sys_role_auth` VALUES (1080062394092544001, '2019-01-01 19:25:15', '2019-01-01 19:25:15', NULL, NULL, NULL, NULL, 1, NULL, 1060546311132381185, 1080062287884378113, 1076014445914001409);
COMMIT;

-- ----------------------------
-- Table structure for sys_role_menu
-- ----------------------------
DROP TABLE IF EXISTS `sys_role_menu`;
CREATE TABLE `sys_role_menu` (
  `id` bigint(32) NOT NULL COMMENT '主键',
  `crt_time` datetime DEFAULT CURRENT_TIMESTAMP COMMENT '创建时间',
  `upd_time` datetime DEFAULT CURRENT_TIMESTAMP ON UPDATE CURRENT_TIMESTAMP COMMENT '更新时间',
  `creator` varchar(50) DEFAULT NULL COMMENT '创建者用户名',
  `creator_id` bigint(32) DEFAULT NULL COMMENT '创建者主键',
  `updator` varchar(50) DEFAULT NULL COMMENT '更新者用户名',
  `updator_id` bigint(32) DEFAULT NULL COMMENT '更新者主键',
  `deleted` smallint(3) DEFAULT '1' COMMENT '删除 1未删除 0删除',
  `sort` bigint(10) DEFAULT NULL COMMENT '排序',
  `role_id` bigint(32) DEFAULT NULL COMMENT '角色主键',
  `menu_id` bigint(32) DEFAULT NULL COMMENT '菜单主键',
  PRIMARY KEY (`id`) USING BTREE
) ENGINE=InnoDB DEFAULT CHARSET=utf8mb4 COMMENT='角色菜单中间表';

-- ----------------------------
-- Records of sys_role_menu
-- ----------------------------
BEGIN;
INSERT INTO `sys_role_menu` VALUES (1080062393920577538, '2019-01-01 19:25:15', '2019-01-01 19:25:15', NULL, NULL, NULL, NULL, 1, NULL, 1060546311132381185, 1061157804223815681);
INSERT INTO `sys_role_menu` VALUES (1080062393966714881, '2019-01-01 19:25:15', '2019-01-01 19:25:15', NULL, NULL, NULL, NULL, 1, NULL, 1060546311132381185, 1074923408818741249);
INSERT INTO `sys_role_menu` VALUES (1080062393979297793, '2019-01-01 19:25:15', '2019-01-01 19:25:15', NULL, NULL, NULL, NULL, 1, NULL, 1060546311132381185, 1060781327489757186);
INSERT INTO `sys_role_menu` VALUES (1080062393991880705, '2019-01-01 19:25:15', '2019-01-01 19:25:15', NULL, NULL, NULL, NULL, 1, NULL, 1060546311132381185, 1060781599209353218);
INSERT INTO `sys_role_menu` VALUES (1080062394000269314, '2019-01-01 19:25:15', '2019-01-01 19:25:15', NULL, NULL, NULL, NULL, 1, NULL, 1060546311132381185, 1060903467811659778);
INSERT INTO `sys_role_menu` VALUES (1080062394008657922, '2019-01-01 19:25:15', '2019-01-01 19:25:15', NULL, NULL, NULL, NULL, 1, NULL, 1060546311132381185, 1075381710501543937);
INSERT INTO `sys_role_menu` VALUES (1080062394017046530, '2019-01-01 19:25:15', '2019-01-01 19:25:15', NULL, NULL, NULL, NULL, 1, NULL, 1060546311132381185, 1076014333280161793);
INSERT INTO `sys_role_menu` VALUES (1080062394025435137, '2019-01-01 19:25:15', '2019-01-01 19:25:15', NULL, NULL, NULL, NULL, 1, NULL, 1060546311132381185, 1076014445914001409);
INSERT INTO `sys_role_menu` VALUES (1080062394033823746, '2019-01-01 19:25:15', '2019-01-01 19:25:15', NULL, NULL, NULL, NULL, 1, NULL, 1060546311132381185, 1060780925302140929);
COMMIT;

-- ----------------------------
-- Table structure for sys_user
-- ----------------------------
DROP TABLE IF EXISTS `sys_user`;
CREATE TABLE `sys_user` (
  `id` bigint(32) NOT NULL COMMENT '主键',
  `crt_time` datetime DEFAULT CURRENT_TIMESTAMP COMMENT '创建时间',
  `upd_time` datetime DEFAULT CURRENT_TIMESTAMP ON UPDATE CURRENT_TIMESTAMP COMMENT '更新时间',
  `creator` varchar(50) DEFAULT NULL COMMENT '创建者用户名',
  `creator_id` bigint(32) DEFAULT NULL COMMENT '创建者主键',
  `updator` varchar(50) DEFAULT NULL COMMENT '更新者用户名',
  `updator_id` bigint(32) DEFAULT NULL COMMENT '更新者主键',
  `code` bigint(32) DEFAULT NULL COMMENT '编码',
  `deleted` smallint(3) DEFAULT '1' COMMENT '删除 1未删除 0删除',
  `sort` bigint(10) DEFAULT NULL COMMENT '排序',
  `username` varchar(50) DEFAULT NULL COMMENT '用户名',
  `real_name` varchar(100) DEFAULT NULL COMMENT '真实姓名',
  `mobile` varchar(20) DEFAULT NULL COMMENT '手机号',
  `open_id` varchar(200) DEFAULT NULL COMMENT '开放id',
  `email` varchar(100) DEFAULT NULL COMMENT '邮箱',
  `password` varchar(300) DEFAULT NULL COMMENT '加密密码',
  `salt` varchar(300) DEFAULT NULL COMMENT '加密盐',
  `signup_type` smallint(3) DEFAULT NULL COMMENT '注册类型 101PC 102手机',
  `login_type` smallint(3) DEFAULT NULL COMMENT '登录类型 201PC登录 202手机登录 203为邮箱',
  `birthday` datetime DEFAULT NULL COMMENT '出生日期',
  `avatar` varchar(2000) DEFAULT NULL COMMENT '头像',
  `status` smallint(3) DEFAULT '300' COMMENT '状态 300可以登录 301禁止登陆',
  `gender` smallint(3) DEFAULT NULL COMMENT '性别 110男 111女 112未知',
  `weight` int(3) DEFAULT NULL COMMENT '体重 单位kg',
  `height` int(3) DEFAULT NULL COMMENT '身高 单位厘米',
  PRIMARY KEY (`id`) USING BTREE
) ENGINE=InnoDB DEFAULT CHARSET=utf8mb4 COMMENT='用户表';

-- ----------------------------
-- Records of sys_user
-- ----------------------------
BEGIN;
INSERT INTO `sys_user` VALUES (1058938369329131521, '2018-11-04 12:25:56', '2018-11-04 12:25:56', NULL, NULL, 'jerrychir', 1058938369329131521, NULL, 1, NULL, 'jerrychir', '6ab4oyey', '15351229035', NULL, NULL, '$2a$10$SjWrel8Brcii9w.00ZDmOOUCr9atngMOA12NqjgmtjRLjhf.AmGAu', NULL, 101, 201, NULL, 'https://sangoes.oss-cn-hangzhou.aliyuncs.com/boot/2018-11-19/b4926fe9431845009d42c9ecb44f34a8-1542610473598210557085083934882.jpg', 300, NULL, NULL, NULL);
INSERT INTO `sys_user` VALUES (1060442286315544577, '2018-11-08 16:01:57', '2018-11-08 16:02:22', NULL, NULL, NULL, NULL, NULL, 1, NULL, 'sangoes', '叁果', '15351229036', NULL, NULL, '$2a$10$uLvw84jhpHw3O7P1O6uw2O5Iy5H3y1y6FBe4KZBoP1Q.P2LTV3ON6', NULL, 103, NULL, NULL, NULL, 300, NULL, NULL, NULL);
INSERT INTO `sys_user` VALUES (1060444297027190786, '2018-11-08 16:09:57', '2018-11-08 16:09:57', NULL, NULL, NULL, NULL, NULL, 1, NULL, 'kjk40nt5', '周扬', '15351229037', NULL, NULL, '$2a$10$EIYKPy/v.uCfnJgTYH4adO95f1Avph/A3cTmXoTlbvtqlWNgzh4g.', NULL, 103, NULL, NULL, NULL, 300, NULL, NULL, NULL);
INSERT INTO `sys_user` VALUES (1064416178692055041, '2018-11-19 15:12:47', '2018-11-19 15:12:47', NULL, 1058938369329131521, NULL, NULL, NULL, 1, NULL, 'qby6wxybz', '王晚', '15351229039', NULL, NULL, '$2a$10$nmZltd9ic5Bzbfx5H9KX0.MwEyPQr2tP2aF5WgTlYsPbMvNTFWebO', NULL, 103, NULL, NULL, NULL, 300, NULL, NULL, NULL);
INSERT INTO `sys_user` VALUES (1077450422960291842, '2018-12-25 14:26:13', '2018-12-25 14:26:13', 'jerrychir', 1058938369329131521, NULL, NULL, NULL, 1, NULL, '0o3gtsbpi', '历时', '15351239035', NULL, NULL, '$2a$10$YhNzDDkxl49QaZqsaq9CbuFBcoMV2OeDijDBUHnWY.Pi3DANdVTVe', NULL, 103, NULL, NULL, NULL, 300, NULL, NULL, NULL);
COMMIT;

-- ----------------------------
-- Table structure for sys_user_role
-- ----------------------------
DROP TABLE IF EXISTS `sys_user_role`;
CREATE TABLE `sys_user_role` (
  `id` bigint(32) NOT NULL COMMENT '主键',
  `crt_time` datetime DEFAULT CURRENT_TIMESTAMP COMMENT '创建时间',
  `upd_time` datetime DEFAULT CURRENT_TIMESTAMP ON UPDATE CURRENT_TIMESTAMP COMMENT '更新时间',
  `creator` varchar(50) DEFAULT NULL COMMENT '创建者用户名',
  `creator_id` bigint(32) DEFAULT NULL COMMENT '创建者主键',
  `updator` varchar(50) DEFAULT NULL COMMENT '更新者用户名',
  `updator_id` bigint(32) DEFAULT NULL COMMENT '更新者主键',
  `deleted` smallint(3) DEFAULT '1' COMMENT '删除 1未删除 0删除',
  `sort` bigint(10) DEFAULT NULL COMMENT '排序',
  `user_id` bigint(32) DEFAULT NULL COMMENT '用户主键',
  `role_id` bigint(32) DEFAULT NULL COMMENT '角色主键',
  PRIMARY KEY (`id`) USING BTREE
) ENGINE=InnoDB DEFAULT CHARSET=utf8mb4;

-- ----------------------------
-- Records of sys_user_role
-- ----------------------------
BEGIN;
INSERT INTO `sys_user_role` VALUES (1061929260926918658, '2018-11-12 18:30:40', '2018-11-12 18:30:40', NULL, NULL, NULL, NULL, 1, NULL, 1060442286315544577, 1060546917704237057);
INSERT INTO `sys_user_role` VALUES (1064161571659599874, '2018-11-18 22:21:04', '2018-11-18 22:21:04', NULL, NULL, NULL, NULL, 1, NULL, 1058938369329131521, 1060546311132381185);
COMMIT;

-- ----------------------------
-- Table structure for user_depart
-- ----------------------------
DROP TABLE IF EXISTS `user_depart`;
CREATE TABLE `user_depart` (
  `id` bigint(32) NOT NULL COMMENT '主键',
  `crt_time` datetime DEFAULT CURRENT_TIMESTAMP COMMENT '创建时间',
  `upd_time` datetime DEFAULT CURRENT_TIMESTAMP ON UPDATE CURRENT_TIMESTAMP COMMENT '更新时间',
  `creator` varchar(50) DEFAULT NULL COMMENT '创建者用户名',
  `creator_id` bigint(32) DEFAULT NULL COMMENT '创建者主键',
  `updator` varchar(50) DEFAULT NULL COMMENT '更新者用户名',
  `updator_id` bigint(32) DEFAULT NULL COMMENT '更新者主键',
  `deleted` smallint(3) DEFAULT '1' COMMENT '删除 1未删除 0删除',
  `sort` bigint(10) DEFAULT NULL COMMENT '排序',
  `user_id` bigint(32) DEFAULT NULL COMMENT '用户主键',
  `depart_id` bigint(32) DEFAULT NULL COMMENT '部门主键',
  PRIMARY KEY (`id`) USING BTREE
) ENGINE=InnoDB DEFAULT CHARSET=utf8mb4 COMMENT='用户部门中间表';

-- ----------------------------
-- Records of user_depart
-- ----------------------------
BEGIN;
INSERT INTO `user_depart` VALUES (1077754200259354625, '2018-12-26 10:33:19', '2018-12-26 10:33:19', 'jerrychir', 1058938369329131521, NULL, NULL, 1, NULL, 1064416178692055041, 1077428171451994113);
INSERT INTO `user_depart` VALUES (1077754241040572417, '2018-12-26 10:33:29', '2018-12-26 10:33:29', 'jerrychir', 1058938369329131521, NULL, NULL, 1, NULL, 1077450422960291842, 1077428171451994113);
INSERT INTO `user_depart` VALUES (1077754241048961025, '2018-12-26 10:33:29', '2018-12-26 10:33:29', 'jerrychir', 1058938369329131521, NULL, NULL, 1, NULL, 1077450422960291842, 1077034603965108225);
INSERT INTO `user_depart` VALUES (1077754342999908354, '2018-12-26 10:33:53', '2018-12-26 10:33:53', 'jerrychir', 1058938369329131521, NULL, NULL, 1, NULL, 1060442286315544577, 1077081645865291778);
INSERT INTO `user_depart` VALUES (1077754343004102657, '2018-12-26 10:33:53', '2018-12-26 10:33:53', 'jerrychir', 1058938369329131521, NULL, NULL, 1, NULL, 1060442286315544577, 1077034603965108225);
INSERT INTO `user_depart` VALUES (1077754385706311682, '2018-12-26 10:34:03', '2018-12-26 10:34:03', 'jerrychir', 1058938369329131521, NULL, NULL, 1, NULL, 1060444297027190786, 1077034603965108225);
INSERT INTO `user_depart` VALUES (1077754385710505985, '2018-12-26 10:34:03', '2018-12-26 10:34:03', 'jerrychir', 1058938369329131521, NULL, NULL, 1, NULL, 1060444297027190786, 1077081645865291778);
INSERT INTO `user_depart` VALUES (1077754568900927490, '2018-12-26 10:34:47', '2018-12-26 10:34:47', 'jerrychir', 1058938369329131521, NULL, NULL, 1, NULL, 1058938369329131521, 1077081645865291778);
INSERT INTO `user_depart` VALUES (1077754568905121793, '2018-12-26 10:34:47', '2018-12-26 10:34:47', 'jerrychir', 1058938369329131521, NULL, NULL, 1, NULL, 1058938369329131521, 1077428171451994113);
COMMIT;

SET FOREIGN_KEY_CHECKS = 1;
